<?xml version="1.0" encoding="UTF-8"?>
<item><pubDate>Fri, 26 Dec 2014 12:48:02 +0200</pubDate><title><![CDATA[Контакты]]></title><url><![CDATA[contact]]></url><meta><![CDATA[]]></meta><metad><![CDATA[]]></metad><menu><![CDATA[Контакты]]></menu><menuOrder><![CDATA[5]]></menuOrder><menuStatus><![CDATA[Y]]></menuStatus><template><![CDATA[template.php]]></template><parent><![CDATA[]]></parent><content><![CDATA[ыаывавы]]></content><private><![CDATA[]]></private><author><![CDATA[anatvk]]></author></item>
