<?xml version="1.0" encoding="UTF-8"?>
<item><pubDate>Fri, 26 Dec 2014 12:42:53 +0200</pubDate><title>Детали</title><url>details</url><meta></meta><metad></metad><menu>Детали</menu><menuStatus>Y</menuStatus><template>template.php</template><parent></parent><content>            &amp;lt;div class=&amp;quot;container well&amp;quot;&amp;gt;
                &amp;lt;div class=&amp;quot;row&amp;quot;&amp;gt;
                    &amp;lt;div class=&amp;quot;col-sm-12 col-md-12&amp;quot;&amp;gt;
                        &amp;lt;div class=&amp;quot;page-header&amp;quot;&amp;gt;
                            &amp;lt;h1 class=&amp;quot;lead&amp;quot;&amp;gt;Рассмотрите внимательно это платье, и примите правильное решение.&amp;lt;br /&amp;gt;
                                &amp;lt;small&amp;gt;Красота кроется в деталях!&amp;lt;/small&amp;gt;
                            &amp;lt;/h1&amp;gt;
                        &amp;lt;/div&amp;gt;
                    &amp;lt;/div&amp;gt;
                &amp;lt;/div&amp;gt;
                &amp;lt;div class=&amp;quot;row&amp;quot;&amp;gt;
                    &amp;lt;div class=&amp;quot;col-sm-6 col-md-3&amp;quot;&amp;gt;
                        &amp;lt;div class=&amp;quot;thumbnail&amp;quot;&amp;gt;
                            &amp;lt;a href=&amp;quot;#&amp;quot; data-toggle=&amp;quot;modal&amp;quot; data-target=&amp;quot;#thumbnail1&amp;quot; class=&amp;quot;hidden-sm hidden-xs visible-md visible-lg&amp;quot;&amp;gt;
                                &amp;lt;img data-holder-rendered=&amp;quot;true&amp;quot; src=&amp;quot;/data/uploads/images/ob260-1.jpg&amp;quot; class=&amp;quot;&amp;quot; style=&amp;quot;display: block;&amp;quot; data-src=&amp;quot;holder.js/200%x150&amp;quot; alt=&amp;quot;200%x150&amp;quot;&amp;gt;
                            &amp;lt;/a&amp;gt;
                            &amp;lt;a href=&amp;quot;#&amp;quot; data-toggle=&amp;quot;modal&amp;quot; data-target=&amp;quot;#thumbnail1&amp;quot; class=&amp;quot;visible-sm visible-xs hidden-md hidden-lg&amp;quot;&amp;gt;
                                &amp;lt;img data-holder-rendered=&amp;quot;true&amp;quot; src=&amp;quot;/data/uploads/images/ob330-1.jpg&amp;quot; class=&amp;quot;&amp;quot; style=&amp;quot;display: block;&amp;quot; data-src=&amp;quot;holder.js/200%x150&amp;quot; alt=&amp;quot;200%x150&amp;quot;&amp;gt;
                            &amp;lt;/a&amp;gt;
                        &amp;lt;/div&amp;gt;
                    &amp;lt;/div&amp;gt;
                    &amp;lt;div class=&amp;quot;col-sm-6 col-md-3&amp;quot;&amp;gt;
                        &amp;lt;div class=&amp;quot;thumbnail&amp;quot;&amp;gt;
                            &amp;lt;a href=&amp;quot;#&amp;quot; data-toggle=&amp;quot;modal&amp;quot; data-target=&amp;quot;#thumbnail2&amp;quot; class=&amp;quot;hidden-sm hidden-xs visible-md visible-lg&amp;quot;&amp;gt;
                                &amp;lt;img data-holder-rendered=&amp;quot;true&amp;quot; src=&amp;quot;/data/uploads/images/ob260-2.jpg&amp;quot; class=&amp;quot;&amp;quot; style=&amp;quot;display: block;&amp;quot; data-src=&amp;quot;holder.js/200%x150&amp;quot; alt=&amp;quot;200%x150&amp;quot;&amp;gt;
                            &amp;lt;/a&amp;gt;
                            &amp;lt;a href=&amp;quot;#&amp;quot; data-toggle=&amp;quot;modal&amp;quot; data-target=&amp;quot;#thumbnail2&amp;quot; class=&amp;quot;visible-sm visible-xs hidden-md hidden-lg&amp;quot;&amp;gt;
                                &amp;lt;img data-holder-rendered=&amp;quot;true&amp;quot; src=&amp;quot;/data/uploads/images/ob330-2.jpg&amp;quot; class=&amp;quot;&amp;quot; style=&amp;quot;display: block;&amp;quot; data-src=&amp;quot;holder.js/200%x150&amp;quot; alt=&amp;quot;200%x150&amp;quot;&amp;gt;
                            &amp;lt;/a&amp;gt;
                        &amp;lt;/div&amp;gt;
                    &amp;lt;/div&amp;gt;
                    &amp;lt;div class=&amp;quot;col-sm-6 col-md-3&amp;quot;&amp;gt;
                        &amp;lt;div class=&amp;quot;thumbnail&amp;quot;&amp;gt;
                            &amp;lt;a href=&amp;quot;#&amp;quot; data-toggle=&amp;quot;modal&amp;quot; data-target=&amp;quot;#thumbnail3&amp;quot; class=&amp;quot;hidden-sm hidden-xs visible-md visible-lg&amp;quot;&amp;gt;
                                &amp;lt;img data-holder-rendered=&amp;quot;true&amp;quot; src=&amp;quot;/data/uploads/images/ob260-3.jpg&amp;quot; class=&amp;quot;&amp;quot; style=&amp;quot;display: block;&amp;quot; data-src=&amp;quot;holder.js/200%x150&amp;quot; alt=&amp;quot;200%x150&amp;quot;&amp;gt;
                            &amp;lt;/a&amp;gt;
                            &amp;lt;a href=&amp;quot;#&amp;quot; data-toggle=&amp;quot;modal&amp;quot; data-target=&amp;quot;#thumbnail3&amp;quot; class=&amp;quot;visible-sm visible-xs hidden-md hidden-lg&amp;quot;&amp;gt;
                                &amp;lt;img data-holder-rendered=&amp;quot;true&amp;quot; src=&amp;quot;/data/uploads/images/ob330-3.jpg&amp;quot; class=&amp;quot;&amp;quot; style=&amp;quot;display: block;&amp;quot; data-src=&amp;quot;holder.js/200%x150&amp;quot; alt=&amp;quot;200%x150&amp;quot;&amp;gt;
                            &amp;lt;/a&amp;gt;
                        &amp;lt;/div&amp;gt;
                    &amp;lt;/div&amp;gt;
                    &amp;lt;div class=&amp;quot;col-sm-6 col-md-3&amp;quot;&amp;gt;
                        &amp;lt;div class=&amp;quot;thumbnail&amp;quot;&amp;gt;
                            &amp;lt;a href=&amp;quot;#&amp;quot; data-toggle=&amp;quot;modal&amp;quot; data-target=&amp;quot;#thumbnail4&amp;quot; class=&amp;quot;hidden-sm hidden-xs visible-md visible-lg&amp;quot;&amp;gt;
                                &amp;lt;img data-holder-rendered=&amp;quot;true&amp;quot; src=&amp;quot;/data/uploads/images/ob260-4.jpg&amp;quot; class=&amp;quot;&amp;quot; style=&amp;quot;display: block;&amp;quot; data-src=&amp;quot;holder.js/200%x150&amp;quot; alt=&amp;quot;200%x150&amp;quot;&amp;gt;
                            &amp;lt;/a&amp;gt;
                            &amp;lt;a href=&amp;quot;#&amp;quot; data-toggle=&amp;quot;modal&amp;quot; data-target=&amp;quot;#thumbnail4&amp;quot; class=&amp;quot;visible-sm visible-xs hidden-md hidden-lg&amp;quot;&amp;gt;
                                &amp;lt;img data-holder-rendered=&amp;quot;true&amp;quot; src=&amp;quot;/data/uploads/images/ob330-4.jpg&amp;quot; class=&amp;quot;&amp;quot; style=&amp;quot;display: block;&amp;quot; data-src=&amp;quot;holder.js/200%x150&amp;quot; alt=&amp;quot;200%x150&amp;quot;&amp;gt;
                            &amp;lt;/a&amp;gt;
                        &amp;lt;/div&amp;gt;
                    &amp;lt;/div&amp;gt;
                &amp;lt;/div&amp;gt;


                &amp;lt;div class=&amp;quot;row&amp;quot;&amp;gt;
                    &amp;lt;div class=&amp;quot;col-sm-6 col-md-3&amp;quot;&amp;gt;
                        &amp;lt;div class=&amp;quot;thumbnail&amp;quot;&amp;gt;
                            &amp;lt;a href=&amp;quot;#&amp;quot; data-toggle=&amp;quot;modal&amp;quot; data-target=&amp;quot;#thumbnail5&amp;quot; class=&amp;quot;hidden-sm hidden-xs visible-md visible-lg&amp;quot;&amp;gt;
                                &amp;lt;img data-holder-rendered=&amp;quot;true&amp;quot; src=&amp;quot;/data/uploads/images/ob260-5.jpg&amp;quot; class=&amp;quot;&amp;quot; style=&amp;quot;display: block;&amp;quot; data-src=&amp;quot;holder.js/200%x150&amp;quot; alt=&amp;quot;200%x150&amp;quot;&amp;gt;
                            &amp;lt;/a&amp;gt;
                            &amp;lt;a href=&amp;quot;#&amp;quot; data-toggle=&amp;quot;modal&amp;quot; data-target=&amp;quot;#thumbnail5&amp;quot; class=&amp;quot;visible-sm visible-xs hidden-md hidden-lg&amp;quot;&amp;gt;
                                &amp;lt;img data-holder-rendered=&amp;quot;true&amp;quot; src=&amp;quot;/data/uploads/images/ob330-5.jpg&amp;quot; class=&amp;quot;&amp;quot; style=&amp;quot;display: block;&amp;quot; data-src=&amp;quot;holder.js/200%x150&amp;quot; alt=&amp;quot;200%x150&amp;quot;&amp;gt;
                            &amp;lt;/a&amp;gt;
                        &amp;lt;/div&amp;gt;
                    &amp;lt;/div&amp;gt;
                    &amp;lt;div class=&amp;quot;col-sm-6 col-md-3&amp;quot;&amp;gt;
                        &amp;lt;div class=&amp;quot;thumbnail&amp;quot;&amp;gt;
                            &amp;lt;a href=&amp;quot;#&amp;quot; data-toggle=&amp;quot;modal&amp;quot; data-target=&amp;quot;#thumbnail6&amp;quot; class=&amp;quot;hidden-sm hidden-xs visible-md visible-lg&amp;quot;&amp;gt;
                                &amp;lt;img data-holder-rendered=&amp;quot;true&amp;quot; src=&amp;quot;/data/uploads/images/ob260-6.jpg&amp;quot; class=&amp;quot;&amp;quot; style=&amp;quot;display: block;&amp;quot; data-src=&amp;quot;holder.js/200%x150&amp;quot; alt=&amp;quot;200%x150&amp;quot;&amp;gt;
                            &amp;lt;/a&amp;gt;
                            &amp;lt;a href=&amp;quot;#&amp;quot; data-toggle=&amp;quot;modal&amp;quot; data-target=&amp;quot;#thumbnail6&amp;quot; class=&amp;quot;visible-sm visible-xs hidden-md hidden-lg&amp;quot;&amp;gt;
                                &amp;lt;img data-holder-rendered=&amp;quot;true&amp;quot; src=&amp;quot;/data/uploads/images/ob330-6.jpg&amp;quot; class=&amp;quot;&amp;quot; style=&amp;quot;display: block;&amp;quot; data-src=&amp;quot;holder.js/200%x150&amp;quot; alt=&amp;quot;200%x150&amp;quot;&amp;gt;
                            &amp;lt;/a&amp;gt;
                        &amp;lt;/div&amp;gt;
                    &amp;lt;/div&amp;gt;
                    &amp;lt;div class=&amp;quot;col-sm-6 col-md-3&amp;quot;&amp;gt;
                        &amp;lt;div class=&amp;quot;thumbnail&amp;quot;&amp;gt;
                            &amp;lt;a href=&amp;quot;#&amp;quot; data-toggle=&amp;quot;modal&amp;quot; data-target=&amp;quot;#thumbnail7&amp;quot; class=&amp;quot;hidden-sm hidden-xs visible-md visible-lg&amp;quot;&amp;gt;
                                &amp;lt;img data-holder-rendered=&amp;quot;true&amp;quot; src=&amp;quot;/data/uploads/images/ob260-7.jpg&amp;quot; class=&amp;quot;&amp;quot; style=&amp;quot;display: block;&amp;quot; data-src=&amp;quot;holder.js/200%x150&amp;quot; alt=&amp;quot;200%x150&amp;quot;&amp;gt;
                            &amp;lt;/a&amp;gt;
                            &amp;lt;a href=&amp;quot;#&amp;quot; data-toggle=&amp;quot;modal&amp;quot; data-target=&amp;quot;#thumbnail7&amp;quot; class=&amp;quot;visible-sm visible-xs hidden-md hidden-lg&amp;quot;&amp;gt;
                                &amp;lt;img data-holder-rendered=&amp;quot;true&amp;quot; src=&amp;quot;/data/uploads/images/ob330-7.jpg&amp;quot; class=&amp;quot;&amp;quot; style=&amp;quot;display: block;&amp;quot; data-src=&amp;quot;holder.js/200%x150&amp;quot; alt=&amp;quot;200%x150&amp;quot;&amp;gt;
                            &amp;lt;/a&amp;gt;
                        &amp;lt;/div&amp;gt;
                    &amp;lt;/div&amp;gt;
                    &amp;lt;div class=&amp;quot;col-sm-6 col-md-3&amp;quot;&amp;gt;
                        &amp;lt;div class=&amp;quot;thumbnail&amp;quot;&amp;gt;
                            &amp;lt;a href=&amp;quot;#&amp;quot; data-toggle=&amp;quot;modal&amp;quot; data-target=&amp;quot;#thumbnail8&amp;quot; class=&amp;quot;hidden-sm hidden-xs visible-md visible-lg&amp;quot;&amp;gt;
                                &amp;lt;img data-holder-rendered=&amp;quot;true&amp;quot; src=&amp;quot;/data/uploads/images/ob260-8.jpg&amp;quot; class=&amp;quot;&amp;quot; style=&amp;quot;display: block;&amp;quot; data-src=&amp;quot;holder.js/200%x150&amp;quot; alt=&amp;quot;200%x150&amp;quot;&amp;gt;
                            &amp;lt;/a&amp;gt;
                            &amp;lt;a href=&amp;quot;#&amp;quot; data-toggle=&amp;quot;modal&amp;quot; data-target=&amp;quot;#thumbnail8&amp;quot; class=&amp;quot;visible-sm visible-xs hidden-md hidden-lg&amp;quot;&amp;gt;
                                &amp;lt;img data-holder-rendered=&amp;quot;true&amp;quot; src=&amp;quot;/data/uploads/images/ob330-8.jpg&amp;quot; class=&amp;quot;&amp;quot; style=&amp;quot;display: block;&amp;quot; data-src=&amp;quot;holder.js/200%x150&amp;quot; alt=&amp;quot;200%x150&amp;quot;&amp;gt;
                            &amp;lt;/a&amp;gt;
                        &amp;lt;/div&amp;gt;
                    &amp;lt;/div&amp;gt;
                &amp;lt;/div&amp;gt;
            &amp;lt;/div&amp;gt;

            &amp;lt;div class=&amp;quot;modal fade&amp;quot; id=&amp;quot;thumbnail1&amp;quot; tabindex=&amp;quot;-1&amp;quot; role=&amp;quot;dialog&amp;quot; aria-labelledby=&amp;quot;myModalLabel&amp;quot; aria-hidden=&amp;quot;true&amp;quot;&amp;gt;
                &amp;lt;div class=&amp;quot;modal-dialog&amp;quot;&amp;gt;
                    &amp;lt;div class=&amp;quot;modal-content&amp;quot;&amp;gt;
                        &amp;lt;div class=&amp;quot;modal-header&amp;quot;&amp;gt;
                            &amp;lt;button type=&amp;quot;button&amp;quot; class=&amp;quot;close&amp;quot; data-dismiss=&amp;quot;modal&amp;quot;&amp;gt;&amp;lt;span aria-hidden=&amp;quot;true&amp;quot;&amp;gt;&amp;amp;times;&amp;lt;/span&amp;gt;&amp;lt;span class=&amp;quot;sr-only&amp;quot;&amp;gt;Закрыть&amp;lt;/span&amp;gt;&amp;lt;/button&amp;gt;
                            &amp;lt;h4 class=&amp;quot;modal-title&amp;quot; id=&amp;quot;myModalLabel&amp;quot;&amp;gt;Трендовое платье коллекции&amp;lt;/h4&amp;gt;
                        &amp;lt;/div&amp;gt;
                        &amp;lt;div class=&amp;quot;modal-body&amp;quot;&amp;gt;

                            &amp;lt;div class=&amp;quot;thumbnail&amp;quot;&amp;gt;
                                &amp;lt;img data-holder-rendered=&amp;quot;true&amp;quot; src=&amp;quot;/data/uploads/images/ob600-1.jpg&amp;quot; 
                                     data-src=&amp;quot;holder.js/200%x150&amp;quot; alt=&amp;quot;Красное платье вблизи&amp;quot;/&amp;gt;
                                &amp;lt;div class=&amp;quot;caption&amp;quot;&amp;gt;
                                    &amp;lt;p class=&amp;quot;lead&amp;quot;&amp;gt;Одев это платье к Вам придет ощущение праздника и счастья, предопределяет успех.&amp;lt;/p&amp;gt;
                                &amp;lt;/div&amp;gt;
                            &amp;lt;/div&amp;gt;

                        &amp;lt;/div&amp;gt;
                    &amp;lt;/div&amp;gt;
                &amp;lt;/div&amp;gt;
            &amp;lt;/div&amp;gt;

            &amp;lt;div class=&amp;quot;modal fade&amp;quot; id=&amp;quot;thumbnail2&amp;quot; tabindex=&amp;quot;-1&amp;quot; role=&amp;quot;dialog&amp;quot; aria-labelledby=&amp;quot;myModalLabel&amp;quot; aria-hidden=&amp;quot;true&amp;quot;&amp;gt;
                &amp;lt;div class=&amp;quot;modal-dialog&amp;quot;&amp;gt;
                    &amp;lt;div class=&amp;quot;modal-content&amp;quot;&amp;gt;
                        &amp;lt;div class=&amp;quot;modal-header&amp;quot;&amp;gt;
                            &amp;lt;button type=&amp;quot;button&amp;quot; class=&amp;quot;close&amp;quot; data-dismiss=&amp;quot;modal&amp;quot;&amp;gt;&amp;lt;span aria-hidden=&amp;quot;true&amp;quot;&amp;gt;&amp;amp;times;&amp;lt;/span&amp;gt;&amp;lt;span class=&amp;quot;sr-only&amp;quot;&amp;gt;Закрыть&amp;lt;/span&amp;gt;&amp;lt;/button&amp;gt;
                            &amp;lt;h4 class=&amp;quot;modal-title&amp;quot; id=&amp;quot;myModalLabel&amp;quot;&amp;gt;Уют, очарование, улыбка — эмоции обладательницы этого платья&amp;lt;/h4&amp;gt;
                        &amp;lt;/div&amp;gt;
                        &amp;lt;div class=&amp;quot;modal-body&amp;quot;&amp;gt;

                            &amp;lt;div class=&amp;quot;thumbnail&amp;quot;&amp;gt;
                                &amp;lt;img data-holder-rendered=&amp;quot;true&amp;quot; src=&amp;quot;/data/uploads/images/ob600-2.jpg&amp;quot; data-src=&amp;quot;holder.js/200%x150&amp;quot; alt=&amp;quot;200%x150&amp;quot;/&amp;gt;
                                &amp;lt;div class=&amp;quot;caption&amp;quot;&amp;gt;
                                    &amp;lt;p class=&amp;quot;lead&amp;quot;&amp;gt;Красное, классическое платье - символ женственности и красоты, и Вы можете стать символом.&amp;lt;/p&amp;gt;
                                &amp;lt;/div&amp;gt;
                            &amp;lt;/div&amp;gt;

                        &amp;lt;/div&amp;gt;
                    &amp;lt;/div&amp;gt;
                &amp;lt;/div&amp;gt;
            &amp;lt;/div&amp;gt;

            &amp;lt;div class=&amp;quot;modal fade&amp;quot; id=&amp;quot;thumbnail3&amp;quot; tabindex=&amp;quot;-1&amp;quot; role=&amp;quot;dialog&amp;quot; aria-labelledby=&amp;quot;myModalLabel&amp;quot; aria-hidden=&amp;quot;true&amp;quot;&amp;gt;
                &amp;lt;div class=&amp;quot;modal-dialog&amp;quot;&amp;gt;
                    &amp;lt;div class=&amp;quot;modal-content&amp;quot;&amp;gt;
                        &amp;lt;div class=&amp;quot;modal-header&amp;quot;&amp;gt;
                            &amp;lt;button type=&amp;quot;button&amp;quot; class=&amp;quot;close&amp;quot; data-dismiss=&amp;quot;modal&amp;quot;&amp;gt;&amp;lt;span aria-hidden=&amp;quot;true&amp;quot;&amp;gt;&amp;amp;times;&amp;lt;/span&amp;gt;&amp;lt;span class=&amp;quot;sr-only&amp;quot;&amp;gt;Закрыть&amp;lt;/span&amp;gt;&amp;lt;/button&amp;gt;
                            &amp;lt;h4 class=&amp;quot;modal-title&amp;quot; id=&amp;quot;myModalLabel&amp;quot;&amp;gt;Блистайте на любом мероприятии! &amp;lt;/h4&amp;gt;
                        &amp;lt;/div&amp;gt;
                        &amp;lt;div class=&amp;quot;modal-body&amp;quot;&amp;gt;

                            &amp;lt;div class=&amp;quot;thumbnail&amp;quot;&amp;gt;
                                &amp;lt;img data-holder-rendered=&amp;quot;true&amp;quot; src=&amp;quot;/data/uploads/images/ob600-3.jpg&amp;quot; data-src=&amp;quot;holder.js/200%x150&amp;quot; alt=&amp;quot;200%x150&amp;quot;/&amp;gt;
                                &amp;lt;div class=&amp;quot;caption&amp;quot;&amp;gt;
                                    &amp;lt;p class=&amp;quot;lead&amp;quot;&amp;gt;Платья изготавливаются исключительно из экологически чистых и безопасных высококачественных натуральных материалов.&amp;lt;/p&amp;gt;
                                &amp;lt;/div&amp;gt;
                            &amp;lt;/div&amp;gt;

                        &amp;lt;/div&amp;gt;
                    &amp;lt;/div&amp;gt;
                &amp;lt;/div&amp;gt;
            &amp;lt;/div&amp;gt;

            &amp;lt;div class=&amp;quot;modal fade&amp;quot; id=&amp;quot;thumbnail4&amp;quot; tabindex=&amp;quot;-1&amp;quot; role=&amp;quot;dialog&amp;quot; aria-labelledby=&amp;quot;myModalLabel&amp;quot; aria-hidden=&amp;quot;true&amp;quot;&amp;gt;
                &amp;lt;div class=&amp;quot;modal-dialog&amp;quot;&amp;gt;
                    &amp;lt;div class=&amp;quot;modal-content&amp;quot;&amp;gt;
                        &amp;lt;div class=&amp;quot;modal-header&amp;quot;&amp;gt;
                            &amp;lt;button type=&amp;quot;button&amp;quot; class=&amp;quot;close&amp;quot; data-dismiss=&amp;quot;modal&amp;quot;&amp;gt;&amp;lt;span aria-hidden=&amp;quot;true&amp;quot;&amp;gt;&amp;amp;times;&amp;lt;/span&amp;gt;&amp;lt;span class=&amp;quot;sr-only&amp;quot;&amp;gt;Закрыть&amp;lt;/span&amp;gt;&amp;lt;/button&amp;gt;
                            &amp;lt;h4 class=&amp;quot;modal-title&amp;quot; id=&amp;quot;myModalLabel&amp;quot;&amp;gt;Легкость и сексуальность образа&amp;lt;/h4&amp;gt;
                        &amp;lt;/div&amp;gt;
                        &amp;lt;div class=&amp;quot;modal-body&amp;quot;&amp;gt;

                            &amp;lt;div class=&amp;quot;thumbnail&amp;quot;&amp;gt;
                                &amp;lt;img data-holder-rendered=&amp;quot;true&amp;quot; src=&amp;quot;/data/uploads/images/ob600-4.jpg&amp;quot; data-src=&amp;quot;holder.js/200%x150&amp;quot; alt=&amp;quot;200%x150&amp;quot;/&amp;gt;
                                &amp;lt;div class=&amp;quot;caption&amp;quot;&amp;gt;
                                    &amp;lt;p class=&amp;quot;lead&amp;quot;&amp;gt;Классические красное платье подчеркивают плавные линии женской фигуры и стройность силуэта, не выходя за допустимые рамки делового этикета.&amp;lt;/p&amp;gt;
                                &amp;lt;/div&amp;gt;
                            &amp;lt;/div&amp;gt;

                        &amp;lt;/div&amp;gt;
                    &amp;lt;/div&amp;gt;
                &amp;lt;/div&amp;gt;
            &amp;lt;/div&amp;gt;

            &amp;lt;div class=&amp;quot;modal fade&amp;quot; id=&amp;quot;thumbnail5&amp;quot; tabindex=&amp;quot;-1&amp;quot; role=&amp;quot;dialog&amp;quot; aria-labelledby=&amp;quot;myModalLabel&amp;quot; aria-hidden=&amp;quot;true&amp;quot;&amp;gt;
                &amp;lt;div class=&amp;quot;modal-dialog&amp;quot;&amp;gt;
                    &amp;lt;div class=&amp;quot;modal-content&amp;quot;&amp;gt;
                        &amp;lt;div class=&amp;quot;modal-header&amp;quot;&amp;gt;
                            &amp;lt;button type=&amp;quot;button&amp;quot; class=&amp;quot;close&amp;quot; data-dismiss=&amp;quot;modal&amp;quot;&amp;gt;&amp;lt;span aria-hidden=&amp;quot;true&amp;quot;&amp;gt;&amp;amp;times;&amp;lt;/span&amp;gt;&amp;lt;span class=&amp;quot;sr-only&amp;quot;&amp;gt;Закрыть&amp;lt;/span&amp;gt;&amp;lt;/button&amp;gt;
                            &amp;lt;h4 class=&amp;quot;modal-title&amp;quot; id=&amp;quot;myModalLabel&amp;quot;&amp;gt;Блистайте на любом мероприятии! &amp;lt;/h4&amp;gt;
                        &amp;lt;/div&amp;gt;
                        &amp;lt;div class=&amp;quot;modal-body&amp;quot;&amp;gt;

                            &amp;lt;div class=&amp;quot;thumbnail&amp;quot;&amp;gt;
                                &amp;lt;img data-holder-rendered=&amp;quot;true&amp;quot; src=&amp;quot;/data/uploads/images/ob600-5.jpg&amp;quot; data-src=&amp;quot;holder.js/200%x150&amp;quot; alt=&amp;quot;200%x150&amp;quot;/&amp;gt;
                                &amp;lt;div class=&amp;quot;caption&amp;quot;&amp;gt;
                                    &amp;lt;p class=&amp;quot;lead&amp;quot;&amp;gt;Согласно традициям, лучших ателье, подол платья, рукава и горловина подшиты вручную - платье приобретает дорогой законченный вид. &amp;lt;/p&amp;gt;
                                &amp;lt;/div&amp;gt;
                            &amp;lt;/div&amp;gt;

                        &amp;lt;/div&amp;gt;
                    &amp;lt;/div&amp;gt;
                &amp;lt;/div&amp;gt;
            &amp;lt;/div&amp;gt;

            &amp;lt;div class=&amp;quot;modal fade&amp;quot; id=&amp;quot;thumbnail6&amp;quot; tabindex=&amp;quot;-1&amp;quot; role=&amp;quot;dialog&amp;quot; aria-labelledby=&amp;quot;myModalLabel&amp;quot; aria-hidden=&amp;quot;true&amp;quot;&amp;gt;
                &amp;lt;div class=&amp;quot;modal-dialog&amp;quot;&amp;gt;
                    &amp;lt;div class=&amp;quot;modal-content&amp;quot;&amp;gt;
                        &amp;lt;div class=&amp;quot;modal-header&amp;quot;&amp;gt;
                            &amp;lt;button type=&amp;quot;button&amp;quot; class=&amp;quot;close&amp;quot; data-dismiss=&amp;quot;modal&amp;quot;&amp;gt;&amp;lt;span aria-hidden=&amp;quot;true&amp;quot;&amp;gt;&amp;amp;times;&amp;lt;/span&amp;gt;&amp;lt;span class=&amp;quot;sr-only&amp;quot;&amp;gt;Закрыть&amp;lt;/span&amp;gt;&amp;lt;/button&amp;gt;
                            &amp;lt;h4 class=&amp;quot;modal-title&amp;quot; id=&amp;quot;myModalLabel&amp;quot;&amp;gt;Превосходный, изящный силуэт женской фигуры&amp;lt;/h4&amp;gt;
                        &amp;lt;/div&amp;gt;
                        &amp;lt;div class=&amp;quot;modal-body&amp;quot;&amp;gt;
                            &amp;lt;div class=&amp;quot;thumbnail&amp;quot;&amp;gt;
                                &amp;lt;img data-holder-rendered=&amp;quot;true&amp;quot; src=&amp;quot;/data/uploads/images/ob600-6.jpg&amp;quot; data-src=&amp;quot;holder.js/200%x150&amp;quot; alt=&amp;quot;200%x150&amp;quot;/&amp;gt;
                                &amp;lt;div class=&amp;quot;caption&amp;quot;&amp;gt;
                                    &amp;lt;p class=&amp;quot;lead&amp;quot;&amp;gt;Традиционная длина платья - чуть ниже колена (юбка солнце-клеш) сделает Ваш образ необыкновенно женственным и элегантным (романтичным)&amp;lt;/p&amp;gt;
                                &amp;lt;/div&amp;gt;
                            &amp;lt;/div&amp;gt;
                        &amp;lt;/div&amp;gt;
                    &amp;lt;/div&amp;gt;
                &amp;lt;/div&amp;gt;
            &amp;lt;/div&amp;gt;

            &amp;lt;div class=&amp;quot;modal fade&amp;quot; id=&amp;quot;thumbnail7&amp;quot; tabindex=&amp;quot;-1&amp;quot; role=&amp;quot;dialog&amp;quot; aria-labelledby=&amp;quot;myModalLabel&amp;quot; aria-hidden=&amp;quot;true&amp;quot;&amp;gt;
                &amp;lt;div class=&amp;quot;modal-dialog&amp;quot;&amp;gt;
                    &amp;lt;div class=&amp;quot;modal-content&amp;quot;&amp;gt;
                        &amp;lt;div class=&amp;quot;modal-header&amp;quot;&amp;gt;
                            &amp;lt;button type=&amp;quot;button&amp;quot; class=&amp;quot;close&amp;quot; data-dismiss=&amp;quot;modal&amp;quot;&amp;gt;&amp;lt;span aria-hidden=&amp;quot;true&amp;quot;&amp;gt;&amp;amp;times;&amp;lt;/span&amp;gt;&amp;lt;span class=&amp;quot;sr-only&amp;quot;&amp;gt;Закрыть&amp;lt;/span&amp;gt;&amp;lt;/button&amp;gt;
                            &amp;lt;h4 class=&amp;quot;modal-title&amp;quot; id=&amp;quot;myModalLabel&amp;quot;&amp;gt;Платье наделяет хозяйку строгостью и уверенностью в себе&amp;lt;/h4&amp;gt;
                        &amp;lt;/div&amp;gt;
                        &amp;lt;div class=&amp;quot;modal-body&amp;quot;&amp;gt;
                            &amp;lt;div class=&amp;quot;thumbnail&amp;quot;&amp;gt;
                                &amp;lt;img data-holder-rendered=&amp;quot;true&amp;quot; src=&amp;quot;/data/uploads/images/ob600-7.jpg&amp;quot; data-src=&amp;quot;holder.js/200%x150&amp;quot; alt=&amp;quot;200%x150&amp;quot;/&amp;gt;
                                &amp;lt;div class=&amp;quot;caption&amp;quot;&amp;gt;
                                    &amp;lt;p class=&amp;quot;lead&amp;quot;&amp;gt;Сдержанный, безупречный стиль снискал любовь миллионов женщин во всем мире. Классика - это всегда победа и успех.&amp;lt;/p&amp;gt;
                                &amp;lt;/div&amp;gt;
                            &amp;lt;/div&amp;gt;

                        &amp;lt;/div&amp;gt;
                    &amp;lt;/div&amp;gt;
                &amp;lt;/div&amp;gt;
            &amp;lt;/div&amp;gt;

            &amp;lt;div class=&amp;quot;modal fade&amp;quot; id=&amp;quot;thumbnail8&amp;quot; tabindex=&amp;quot;-1&amp;quot; role=&amp;quot;dialog&amp;quot; aria-labelledby=&amp;quot;myModalLabel&amp;quot; aria-hidden=&amp;quot;true&amp;quot;&amp;gt;
                &amp;lt;div class=&amp;quot;modal-dialog&amp;quot;&amp;gt;
                    &amp;lt;div class=&amp;quot;modal-content&amp;quot;&amp;gt;
                        &amp;lt;div class=&amp;quot;modal-header&amp;quot;&amp;gt;
                            &amp;lt;button type=&amp;quot;button&amp;quot; class=&amp;quot;close&amp;quot; data-dismiss=&amp;quot;modal&amp;quot;&amp;gt;&amp;lt;span aria-hidden=&amp;quot;true&amp;quot;&amp;gt;&amp;amp;times;&amp;lt;/span&amp;gt;&amp;lt;span class=&amp;quot;sr-only&amp;quot;&amp;gt;Закрыть&amp;lt;/span&amp;gt;&amp;lt;/button&amp;gt;
                            &amp;lt;h4 class=&amp;quot;modal-title&amp;quot; id=&amp;quot;myModalLabel&amp;quot;&amp;gt;Легкость и флирт, строгость и сдержанность&amp;lt;/h4&amp;gt;
                        &amp;lt;/div&amp;gt;
                        &amp;lt;div class=&amp;quot;modal-body&amp;quot;&amp;gt;
                            &amp;lt;div class=&amp;quot;thumbnail&amp;quot;&amp;gt;
                                &amp;lt;img data-holder-rendered=&amp;quot;true&amp;quot; src=&amp;quot;/data/uploads/images/ob600-8.jpg&amp;quot; data-src=&amp;quot;holder.js/200%x150&amp;quot; alt=&amp;quot;200%x150&amp;quot;/&amp;gt;
                                &amp;lt;div class=&amp;quot;caption&amp;quot;&amp;gt;
                                    &amp;lt;p class=&amp;quot;lead&amp;quot;&amp;gt;Безупречное качество одежды HISTORY идет рука об руку с передовыми технологиями и высочайшими навыками специалистов.&amp;lt;/p&amp;gt;
                                &amp;lt;/div&amp;gt;
                            &amp;lt;/div&amp;gt;

                        &amp;lt;/div&amp;gt;
                    &amp;lt;/div&amp;gt;
                &amp;lt;/div&amp;gt;
            &amp;lt;/div&amp;gt;</content><private></private><author>anatvk</author><menuOrder><![CDATA[3]]></menuOrder></item>
