<?xml version="1.0" encoding="UTF-8"?>
<item><pubDate>Mon, 22 Dec 2014 16:35:52 +0200</pubDate><title>Гарантия</title><url>gurantija</url><meta></meta><metad></metad><menu>Гарантия</menu><menuStatus>Y</menuStatus><template>template.php</template><parent></parent><content>            &amp;lt;div class=&amp;quot;container&amp;quot;&amp;gt;
                &amp;lt;div class=&amp;quot;row&amp;quot;&amp;gt;
                    &amp;lt;div class=&amp;quot;col-sm-12 col-md-12&amp;quot;&amp;gt;
                        &amp;lt;div class=&amp;quot;page-header&amp;quot;&amp;gt;
                            &amp;lt;h1 class=&amp;quot;lead&amp;quot;&amp;gt;Гарантия высокого качаства&amp;lt;br /&amp;gt;
                                &amp;lt;small&amp;gt;Обрати вниманее на качество материала,технологию производства, и поймёшь, что это платье для Тебя.&amp;lt;/small&amp;gt;
                            &amp;lt;/h1&amp;gt;
                        &amp;lt;/div&amp;gt;
                    &amp;lt;/div&amp;gt;
                &amp;lt;/div&amp;gt;

                &amp;lt;div class=&amp;quot;row&amp;quot;&amp;gt;
                    &amp;lt;div class=&amp;quot;col-sm-6 col-md-6&amp;quot;&amp;gt;        
                        &amp;lt;div class=&amp;quot;thumbnail&amp;quot;&amp;gt;
                            &amp;lt;a href=&amp;quot;#&amp;quot; data-toggle=&amp;quot;modal&amp;quot; data-target=&amp;quot;#gagrntija1&amp;quot; &amp;gt;
                                &amp;lt;img data-holder-rendered=&amp;quot;true&amp;quot; src=&amp;quot;/data/uploads/images/fragment06m.jpg&amp;quot; class=&amp;quot;img-thumbnail&amp;quot; data-src=&amp;quot;holder.js/200%x150&amp;quot; alt=&amp;quot;200%x150&amp;quot;&amp;gt;
                            &amp;lt;/a&amp;gt;                          
                            &amp;lt;div class=&amp;quot;caption&amp;quot;&amp;gt;
                                &amp;lt;p&amp;gt;&amp;lt;strong&amp;gt;Сертификат материала&amp;lt;br /&amp;gt;&amp;lt;/strong&amp;gt;
                                    Превосходное качество материала подтверждает его сертификат качества&amp;lt;br /&amp;gt;
                                    50% шерсти и 50% полистирола&amp;lt;br /&amp;gt;
                                    плотность — 360 gr/ml&amp;lt;br /&amp;gt; 
                                    Универсальная, итальянская ткань в изделии, из которой комфортно чувствуешь себя при любой температуре.&amp;lt;br /&amp;gt; 
                                    Оно нежно прилегает к телу, в нем комфортно и легко.&amp;lt;br /&amp;gt;
                                    &amp;lt;br /&amp;gt;
                                &amp;lt;/p&amp;gt;                            &amp;lt;/div&amp;gt;
                        &amp;lt;/div&amp;gt;
                    &amp;lt;/div&amp;gt;
                    &amp;lt;div class=&amp;quot;col-sm-6 col-md-6&amp;quot;&amp;gt;        
                        &amp;lt;div class=&amp;quot;thumbnail&amp;quot;&amp;gt;
                            &amp;lt;a href=&amp;quot;#&amp;quot; data-toggle=&amp;quot;modal&amp;quot; data-target=&amp;quot;#gagrntija2&amp;quot; &amp;gt;
                                &amp;lt;img data-holder-rendered=&amp;quot;true&amp;quot; src=&amp;quot;/data/uploads/images/fragment02m.jpg&amp;quot; class=&amp;quot;img-thumbnail&amp;quot; data-src=&amp;quot;holder.js/200%x150&amp;quot; alt=&amp;quot;200%x150&amp;quot;&amp;gt;
                            &amp;lt;/a&amp;gt;                          
                            &amp;lt;div class=&amp;quot;caption&amp;quot;&amp;gt;
                                &amp;lt;p&amp;gt;&amp;lt;strong&amp;gt;Новейшее оборудование&amp;lt;/strong&amp;gt;&amp;lt;br /&amp;gt; 
                                    Только на высоко технологичном оборудовании возможно достичь идеальной классические линии,&amp;lt;br /&amp;gt;
                                    и сделать декоративные строчки, которые подчеркнут достоинства, а уникальность покроя дает гарантию,&amp;lt;br /&amp;gt; 
                                    что такого же платья больше нет в Твоем городе.&amp;lt;br /&amp;gt;
                                    Дорогая ткань придаст Вашему образу дополнительный шарм.&amp;lt;br /&amp;gt;&amp;lt;br /&amp;gt;

                                &amp;lt;/p&amp;gt;
                            &amp;lt;/div&amp;gt;                                              
                        &amp;lt;/div&amp;gt;
                    &amp;lt;/div&amp;gt;                        
                &amp;lt;/div&amp;gt;

                &amp;lt;div class=&amp;quot;row&amp;quot;&amp;gt;
                    &amp;lt;div class=&amp;quot;col-sm-6 col-md-6&amp;quot;&amp;gt;        
                        &amp;lt;div class=&amp;quot;thumbnail&amp;quot;&amp;gt;
                            &amp;lt;a href=&amp;quot;#&amp;quot; data-toggle=&amp;quot;modal&amp;quot; data-target=&amp;quot;#gagrntija3&amp;quot; &amp;gt;
                                &amp;lt;img data-holder-rendered=&amp;quot;true&amp;quot; src=&amp;quot;/data/uploads/images/fragment05m.jpg&amp;quot; class=&amp;quot;img-thumbnail&amp;quot; data-src=&amp;quot;holder.js/200%x150&amp;quot; alt=&amp;quot;200%x150&amp;quot;&amp;gt;
                            &amp;lt;/a&amp;gt;                          
                            &amp;lt;div class=&amp;quot;caption&amp;quot;&amp;gt;
                                &amp;lt;p&amp;gt;&amp;lt;strong&amp;gt;Идеальная строчка&amp;lt;/strong&amp;gt;&amp;lt;br /&amp;gt;                                    
                                    Идеально выполненные классические линии изделия сразу бросается в глаза,&amp;lt;br /&amp;gt; ручная работа заметна только профессионалам.
                                    Красное платье до колен превосходно подчеркивает изящный силуэт женской фигуры.&amp;lt;br /&amp;gt; 
                                    В этом красном платье, незамеченной вы точно не останетесь.&amp;lt;br /&amp;gt;
                                    В платье такого качества — еще один “шаг к победе” на любом светском мероприятии. &amp;lt;br /&amp;gt;

                                &amp;lt;/p&amp;gt;
                            &amp;lt;/div&amp;gt;                                              
                        &amp;lt;/div&amp;gt;
                    &amp;lt;/div&amp;gt;
                    &amp;lt;div class=&amp;quot;col-sm-6 col-md-6&amp;quot;&amp;gt;        
                        &amp;lt;div class=&amp;quot;thumbnail&amp;quot;&amp;gt;
                            &amp;lt;a href=&amp;quot;#&amp;quot; data-toggle=&amp;quot;modal&amp;quot; data-target=&amp;quot;#gagrntija4&amp;quot; &amp;gt;
                                &amp;lt;img data-holder-rendered=&amp;quot;true&amp;quot; src=&amp;quot;/data/uploads/images/fragment03m.jpg&amp;quot; class=&amp;quot;img-thumbnail&amp;quot; data-src=&amp;quot;holder.js/200%x150&amp;quot; alt=&amp;quot;200%x150&amp;quot;&amp;gt;
                            &amp;lt;/a&amp;gt;                          
                            &amp;lt;div class=&amp;quot;caption&amp;quot;&amp;gt;
                                &amp;lt;p&amp;gt;&amp;lt;strong&amp;gt;Декоративная вставка&amp;lt;/strong&amp;gt;&amp;lt;br /&amp;gt;                                   
                                    Элегантность, но не чопорность!&amp;lt;br /&amp;gt;
                                    Платье приковывает внимание выразительным ярким цветом и декоративной вставкой по форме груди. &amp;lt;br /&amp;gt;
                                    Небольшие, но существенные детали создают особую выразительность.&amp;lt;br /&amp;gt;
                                    Высоко качественная ткань платья вносит практичность в этот букет эмоций.&amp;lt;br /&amp;gt;&amp;lt;br /&amp;gt;

                                &amp;lt;/p&amp;gt;
                            &amp;lt;/div&amp;gt;                                              
                        &amp;lt;/div&amp;gt;                        
                    &amp;lt;/div&amp;gt;                                
                &amp;lt;/div&amp;gt;

                &amp;lt;div class=&amp;quot;row&amp;quot;&amp;gt;
                    &amp;lt;div class=&amp;quot;col-sm-6 col-md-6&amp;quot;&amp;gt;        
                        &amp;lt;div class=&amp;quot;thumbnail&amp;quot;&amp;gt;
                            &amp;lt;a href=&amp;quot;#&amp;quot; data-toggle=&amp;quot;modal&amp;quot; data-target=&amp;quot;#gagrntija5&amp;quot; &amp;gt;
                                &amp;lt;img data-holder-rendered=&amp;quot;true&amp;quot; src=&amp;quot;/data/uploads/images/fragment07m.jpg&amp;quot; class=&amp;quot;img-thumbnail&amp;quot; data-src=&amp;quot;holder.js/200%x150&amp;quot; alt=&amp;quot;200%x150&amp;quot;&amp;gt;
                            &amp;lt;/a&amp;gt;                          
                            &amp;lt;div class=&amp;quot;caption&amp;quot;&amp;gt;
                                &amp;lt;p&amp;gt;&amp;lt;strong&amp;gt;Молния вшита идеально&amp;lt;/strong&amp;gt;&amp;lt;br /&amp;gt;
                                    Полушерстяное красное платье — одна из трендовых вещей нашей коллекции, подчеркивает Ваш педантичный подход не только к делам, но и вещам. Это платье подходит как для дневного, так и для вечернего look-a. 
                                    Это удобное платье Вашего гардероба имеет все шансы стать Вашей самой любимой вещью.

                                &amp;lt;/p&amp;gt;
                            &amp;lt;/div&amp;gt;                                              
                        &amp;lt;/div&amp;gt;                          
                    &amp;lt;/div&amp;gt;
                    &amp;lt;div class=&amp;quot;col-sm-6 col-md-6&amp;quot;&amp;gt;        
                        &amp;lt;div class=&amp;quot;thumbnail&amp;quot;&amp;gt;
                            &amp;lt;a href=&amp;quot;#&amp;quot; data-toggle=&amp;quot;modal&amp;quot; data-target=&amp;quot;#gagrntija6&amp;quot; &amp;gt;
                                &amp;lt;img data-holder-rendered=&amp;quot;true&amp;quot; src=&amp;quot;/data/uploads/images/fragment04m.jpg&amp;quot; class=&amp;quot;img-thumbnail&amp;quot; data-src=&amp;quot;holder.js/200%x150&amp;quot; alt=&amp;quot;200%x150&amp;quot;&amp;gt;
                            &amp;lt;/a&amp;gt;                          
                            &amp;lt;div class=&amp;quot;caption&amp;quot;&amp;gt;
                                &amp;lt;p&amp;gt;&amp;lt;strong&amp;gt;Волосяные швы&amp;lt;/strong&amp;gt;&amp;lt;br /&amp;gt;
                                    Блистайте на любом мероприятии!&amp;lt;br /&amp;gt;Модные элементы и строгость классического стиля— это ли не искусство?&amp;lt;br /&amp;gt;
                                    Красота кроется в деталях, в идеальных швах модного кроя, а это сделает Вас заметной,
                                    а ярко красный цвет ткани будет магнитом притягивать восторженные взгляды. &amp;lt;br /&amp;gt;

                                &amp;lt;/p&amp;gt;
                            &amp;lt;/div&amp;gt;                                              
                        &amp;lt;/div&amp;gt;                         
                    &amp;lt;/div&amp;gt;                                
                &amp;lt;/div&amp;gt;
            &amp;lt;/div&amp;gt;
            &amp;lt;div class=&amp;quot;modal fade&amp;quot; id=&amp;quot;gagrntija1&amp;quot; tabindex=&amp;quot;-1&amp;quot; role=&amp;quot;dialog&amp;quot; aria-labelledby=&amp;quot;myModalLabel&amp;quot; aria-hidden=&amp;quot;true&amp;quot;&amp;gt;
                &amp;lt;div class=&amp;quot;modal-dialog&amp;quot;&amp;gt;
                    &amp;lt;div class=&amp;quot;modal-content&amp;quot;&amp;gt;
                        &amp;lt;div class=&amp;quot;modal-header&amp;quot;&amp;gt;
                            &amp;lt;button type=&amp;quot;button&amp;quot; class=&amp;quot;close&amp;quot; data-dismiss=&amp;quot;modal&amp;quot;&amp;gt;&amp;lt;span aria-hidden=&amp;quot;true&amp;quot;&amp;gt;&amp;amp;times;&amp;lt;/span&amp;gt;&amp;lt;span class=&amp;quot;sr-only&amp;quot;&amp;gt;Закрыть&amp;lt;/span&amp;gt;&amp;lt;/button&amp;gt;
                            &amp;lt;h4 class=&amp;quot;modal-title&amp;quot; id=&amp;quot;myModalLabel&amp;quot;&amp;gt;Гарантия1 Заголовок&amp;lt;/h4&amp;gt;
                        &amp;lt;/div&amp;gt;
                        &amp;lt;div class=&amp;quot;modal-body&amp;quot;&amp;gt;

                            &amp;lt;div class=&amp;quot;thumbnail&amp;quot;&amp;gt;
                                &amp;lt;img data-holder-rendered=&amp;quot;true&amp;quot; src=&amp;quot;/data/uploads/images/fragment06.jpg&amp;quot; data-src=&amp;quot;holder.js/200%x150&amp;quot; alt=&amp;quot;200%x150&amp;quot;/&amp;gt;
                                &amp;lt;div class=&amp;quot;caption&amp;quot;&amp;gt;
                                    &amp;lt;p class=&amp;quot;lead&amp;quot;&amp;gt;Описание Гарантияй1&amp;lt;/p&amp;gt;
                                &amp;lt;/div&amp;gt;
                            &amp;lt;/div&amp;gt;

                        &amp;lt;/div&amp;gt;
                    &amp;lt;/div&amp;gt;
                &amp;lt;/div&amp;gt;
            &amp;lt;/div&amp;gt;
            &amp;lt;div class=&amp;quot;modal fade&amp;quot; id=&amp;quot;gagrntija2&amp;quot; tabindex=&amp;quot;-1&amp;quot; role=&amp;quot;dialog&amp;quot; aria-labelledby=&amp;quot;myModalLabel&amp;quot; aria-hidden=&amp;quot;true&amp;quot;&amp;gt;
                &amp;lt;div class=&amp;quot;modal-dialog&amp;quot;&amp;gt;
                    &amp;lt;div class=&amp;quot;modal-content&amp;quot;&amp;gt;
                        &amp;lt;div class=&amp;quot;modal-header&amp;quot;&amp;gt;
                            &amp;lt;button type=&amp;quot;button&amp;quot; class=&amp;quot;close&amp;quot; data-dismiss=&amp;quot;modal&amp;quot;&amp;gt;&amp;lt;span aria-hidden=&amp;quot;true&amp;quot;&amp;gt;&amp;amp;times;&amp;lt;/span&amp;gt;&amp;lt;span class=&amp;quot;sr-only&amp;quot;&amp;gt;Закрыть&amp;lt;/span&amp;gt;&amp;lt;/button&amp;gt;
                            &amp;lt;h4 class=&amp;quot;modal-title&amp;quot; id=&amp;quot;myModalLabel&amp;quot;&amp;gt;Гарантия2 Заголовок&amp;lt;/h4&amp;gt;
                        &amp;lt;/div&amp;gt;
                        &amp;lt;div class=&amp;quot;modal-body&amp;quot;&amp;gt;

                            &amp;lt;div class=&amp;quot;thumbnail&amp;quot;&amp;gt;
                                &amp;lt;img data-holder-rendered=&amp;quot;true&amp;quot; src=&amp;quot;/data/uploads/images/fragment02.jpg&amp;quot; data-src=&amp;quot;holder.js/200%x150&amp;quot; alt=&amp;quot;200%x150&amp;quot;/&amp;gt;
                                &amp;lt;div class=&amp;quot;caption&amp;quot;&amp;gt;
                                    &amp;lt;p class=&amp;quot;lead&amp;quot;&amp;gt;Описание Гарантияй&amp;lt;/p&amp;gt;
                                &amp;lt;/div&amp;gt;
                            &amp;lt;/div&amp;gt;

                        &amp;lt;/div&amp;gt;
                    &amp;lt;/div&amp;gt;
                &amp;lt;/div&amp;gt;
            &amp;lt;/div&amp;gt;
            &amp;lt;div class=&amp;quot;modal fade&amp;quot; id=&amp;quot;gagrntija3&amp;quot; tabindex=&amp;quot;-1&amp;quot; role=&amp;quot;dialog&amp;quot; aria-labelledby=&amp;quot;myModalLabel&amp;quot; aria-hidden=&amp;quot;true&amp;quot;&amp;gt;
                &amp;lt;div class=&amp;quot;modal-dialog&amp;quot;&amp;gt;
                    &amp;lt;div class=&amp;quot;modal-content&amp;quot;&amp;gt;
                        &amp;lt;div class=&amp;quot;modal-header&amp;quot;&amp;gt;
                            &amp;lt;button type=&amp;quot;button&amp;quot; class=&amp;quot;close&amp;quot; data-dismiss=&amp;quot;modal&amp;quot;&amp;gt;&amp;lt;span aria-hidden=&amp;quot;true&amp;quot;&amp;gt;&amp;amp;times;&amp;lt;/span&amp;gt;&amp;lt;span class=&amp;quot;sr-only&amp;quot;&amp;gt;Закрыть&amp;lt;/span&amp;gt;&amp;lt;/button&amp;gt;
                            &amp;lt;h4 class=&amp;quot;modal-title&amp;quot; id=&amp;quot;myModalLabel&amp;quot;&amp;gt;Гарантия3 Заголовок&amp;lt;/h4&amp;gt;
                        &amp;lt;/div&amp;gt;
                        &amp;lt;div class=&amp;quot;modal-body&amp;quot;&amp;gt;
                            &amp;lt;div class=&amp;quot;thumbnail&amp;quot;&amp;gt;
                                &amp;lt;img data-holder-rendered=&amp;quot;true&amp;quot; src=&amp;quot;/data/uploads/images/fragment05.jpg&amp;quot; data-src=&amp;quot;holder.js/200%x150&amp;quot; alt=&amp;quot;200%x150&amp;quot;/&amp;gt;
                                &amp;lt;div class=&amp;quot;caption&amp;quot;&amp;gt;
                                    &amp;lt;p class=&amp;quot;lead&amp;quot;&amp;gt;Описание Гарантияй3&amp;lt;/p&amp;gt;
                                &amp;lt;/div&amp;gt;
                            &amp;lt;/div&amp;gt;

                        &amp;lt;/div&amp;gt;
                    &amp;lt;/div&amp;gt;
                &amp;lt;/div&amp;gt;
            &amp;lt;/div&amp;gt;
            &amp;lt;div class=&amp;quot;modal fade&amp;quot; id=&amp;quot;gagrntija4&amp;quot; tabindex=&amp;quot;-1&amp;quot; role=&amp;quot;dialog&amp;quot; aria-labelledby=&amp;quot;myModalLabel&amp;quot; aria-hidden=&amp;quot;true&amp;quot;&amp;gt;
                &amp;lt;div class=&amp;quot;modal-dialog&amp;quot;&amp;gt;
                    &amp;lt;div class=&amp;quot;modal-content&amp;quot;&amp;gt;
                        &amp;lt;div class=&amp;quot;modal-header&amp;quot;&amp;gt;
                            &amp;lt;button type=&amp;quot;button&amp;quot; class=&amp;quot;close&amp;quot; data-dismiss=&amp;quot;modal&amp;quot;&amp;gt;&amp;lt;span aria-hidden=&amp;quot;true&amp;quot;&amp;gt;&amp;amp;times;&amp;lt;/span&amp;gt;&amp;lt;span class=&amp;quot;sr-only&amp;quot;&amp;gt;Закрыть&amp;lt;/span&amp;gt;&amp;lt;/button&amp;gt;
                            &amp;lt;h4 class=&amp;quot;modal-title&amp;quot; id=&amp;quot;myModalLabel&amp;quot;&amp;gt;Гарантия4 Заголовок&amp;lt;/h4&amp;gt;
                        &amp;lt;/div&amp;gt;
                        &amp;lt;div class=&amp;quot;modal-body&amp;quot;&amp;gt;

                            &amp;lt;div class=&amp;quot;thumbnail&amp;quot;&amp;gt;
                                &amp;lt;img data-holder-rendered=&amp;quot;true&amp;quot; src=&amp;quot;/data/uploads/images/fragment03.jpg&amp;quot; data-src=&amp;quot;holder.js/200%x150&amp;quot; alt=&amp;quot;200%x150&amp;quot;/&amp;gt;
                                &amp;lt;div class=&amp;quot;caption&amp;quot;&amp;gt;
                                    &amp;lt;p class=&amp;quot;lead&amp;quot;&amp;gt;Описание Гарантияй4&amp;lt;/p&amp;gt;
                                &amp;lt;/div&amp;gt;
                            &amp;lt;/div&amp;gt;

                        &amp;lt;/div&amp;gt;
                    &amp;lt;/div&amp;gt;
                &amp;lt;/div&amp;gt;
            &amp;lt;/div&amp;gt;
            &amp;lt;div class=&amp;quot;modal fade&amp;quot; id=&amp;quot;gagrntija5&amp;quot; tabindex=&amp;quot;-1&amp;quot; role=&amp;quot;dialog&amp;quot; aria-labelledby=&amp;quot;myModalLabel&amp;quot; aria-hidden=&amp;quot;true&amp;quot;&amp;gt;
                &amp;lt;div class=&amp;quot;modal-dialog&amp;quot;&amp;gt;
                    &amp;lt;div class=&amp;quot;modal-content&amp;quot;&amp;gt;
                        &amp;lt;div class=&amp;quot;modal-header&amp;quot;&amp;gt;
                            &amp;lt;button type=&amp;quot;button&amp;quot; class=&amp;quot;close&amp;quot; data-dismiss=&amp;quot;modal&amp;quot;&amp;gt;&amp;lt;span aria-hidden=&amp;quot;true&amp;quot;&amp;gt;&amp;amp;times;&amp;lt;/span&amp;gt;&amp;lt;span class=&amp;quot;sr-only&amp;quot;&amp;gt;Закрыть&amp;lt;/span&amp;gt;&amp;lt;/button&amp;gt;
                            &amp;lt;h4 class=&amp;quot;modal-title&amp;quot; id=&amp;quot;myModalLabel&amp;quot;&amp;gt;Гарантия5 Заголовок&amp;lt;/h4&amp;gt;
                        &amp;lt;/div&amp;gt;
                        &amp;lt;div class=&amp;quot;modal-body&amp;quot;&amp;gt;
                            &amp;lt;div class=&amp;quot;thumbnail&amp;quot;&amp;gt;
                                &amp;lt;img data-holder-rendered=&amp;quot;true&amp;quot; src=&amp;quot;/data/uploads/images/fragment07.jpg&amp;quot; data-src=&amp;quot;holder.js/200%x150&amp;quot; alt=&amp;quot;200%x150&amp;quot;/&amp;gt;
                                &amp;lt;div class=&amp;quot;caption&amp;quot;&amp;gt;
                                    &amp;lt;p class=&amp;quot;lead&amp;quot;&amp;gt;Описание Гарантияй5&amp;lt;/p&amp;gt;
                                &amp;lt;/div&amp;gt;
                            &amp;lt;/div&amp;gt;

                        &amp;lt;/div&amp;gt;
                    &amp;lt;/div&amp;gt;
                &amp;lt;/div&amp;gt;
            &amp;lt;/div&amp;gt;
            &amp;lt;div class=&amp;quot;modal fade&amp;quot; id=&amp;quot;gagrntija6&amp;quot; tabindex=&amp;quot;-1&amp;quot; role=&amp;quot;dialog&amp;quot; aria-labelledby=&amp;quot;myModalLabel&amp;quot; aria-hidden=&amp;quot;true&amp;quot;&amp;gt;
                &amp;lt;div class=&amp;quot;modal-dialog&amp;quot;&amp;gt;
                    &amp;lt;div class=&amp;quot;modal-content&amp;quot;&amp;gt;
                        &amp;lt;div class=&amp;quot;modal-header&amp;quot;&amp;gt;
                            &amp;lt;button type=&amp;quot;button&amp;quot; class=&amp;quot;close&amp;quot; data-dismiss=&amp;quot;modal&amp;quot;&amp;gt;&amp;lt;span aria-hidden=&amp;quot;true&amp;quot;&amp;gt;&amp;amp;times;&amp;lt;/span&amp;gt;&amp;lt;span class=&amp;quot;sr-only&amp;quot;&amp;gt;Закрыть&amp;lt;/span&amp;gt;&amp;lt;/button&amp;gt;
                            &amp;lt;h4 class=&amp;quot;modal-title&amp;quot; id=&amp;quot;myModalLabel&amp;quot;&amp;gt;Гарантия6 Заголовок&amp;lt;/h4&amp;gt;
                        &amp;lt;/div&amp;gt;
                        &amp;lt;div class=&amp;quot;modal-body&amp;quot;&amp;gt;
                            &amp;lt;div class=&amp;quot;thumbnail&amp;quot;&amp;gt;
                                &amp;lt;img data-holder-rendered=&amp;quot;true&amp;quot; src=&amp;quot;/data/uploads/images/fragment04.jpg&amp;quot; data-src=&amp;quot;holder.js/200%x150&amp;quot; alt=&amp;quot;200%x150&amp;quot;/&amp;gt;
                                &amp;lt;div class=&amp;quot;caption&amp;quot;&amp;gt;
                                    &amp;lt;p class=&amp;quot;lead&amp;quot;&amp;gt;Описание Гарантияй6&amp;lt;/p&amp;gt;
                                &amp;lt;/div&amp;gt;
                            &amp;lt;/div&amp;gt;
                        &amp;lt;/div&amp;gt;
                    &amp;lt;/div&amp;gt;
                &amp;lt;/div&amp;gt;
            &amp;lt;/div&amp;gt;</content><private></private><author>moda</author><menuOrder><![CDATA[4]]></menuOrder></item>
