<?xml version="1.0" encoding="UTF-8"?>
<item><pubDate>Fri, 26 Dec 2014 12:40:27 +0200</pubDate><title><![CDATA[jail]]></title><url><![CDATA[jail]]></url><meta><![CDATA[]]></meta><metad><![CDATA[]]></metad><menu><![CDATA[jail]]></menu><menuOrder><![CDATA[0]]></menuOrder><menuStatus><![CDATA[]]></menuStatus><template><![CDATA[template.php]]></template><parent><![CDATA[]]></parent><content><![CDATA[                &lt;div class=&quot;col-sm-6 col-md-3&quot;&gt;
                    &lt;div class=&quot;thumbnail&quot;&gt;
                        &lt;img data-holder-rendered=&quot;true&quot; src=&quot;/data/uploads/images/jail2.jpg&quot; style=&quot;height: 200px; display: block;&quot; data-src=&quot;holder.js/200%x150&quot; alt=&quot;200%x150&quot;&gt;
                        &lt;div class=&quot;caption&quot;&gt;
                            &lt;p class=&quot;lead&quot;&gt;В учебном заведении будите ловить влюбленные взгляды лучших парней&lt;/p&gt;
                        &lt;/div&gt;
                    &lt;/div&gt;
                &lt;/div&gt;
                &lt;div class=&quot;col-sm-6 col-md-3&quot;&gt;
                    &lt;div class=&quot;thumbnail&quot;&gt;
                        &lt;img data-holder-rendered=&quot;true&quot; src=&quot;/data/uploads/images/jail3.jpg&quot; style=&quot;height: 200px; display: block;&quot; data-src=&quot;holder.js/200%x150&quot; alt=&quot;200%x150&quot;&gt;
                        &lt;div class=&quot;caption&quot;&gt;
                            &lt;p class=&quot;lead&quot;&gt;В офисе, на деловой встрече строгий фасон подчеркнет Ваш деловой стиль &lt;/p&gt;
                        &lt;/div&gt;
                    &lt;/div&gt;
                &lt;/div&gt;
                &lt;div class=&quot;col-sm-6 col-md-3&quot;&gt;
                    &lt;div class=&quot;thumbnail&quot;&gt;
                        &lt;img data-holder-rendered=&quot;true&quot; src=&quot;/data/uploads/images/jail4.jpg&quot; style=&quot;height: 200px; display: block;&quot; data-src=&quot;holder.js/200%x150&quot; alt=&quot;200%x150&quot;&gt;
                        &lt;div class=&quot;caption&quot;&gt;
                            &lt;p class=&quot;lead&quot;&gt;В ресторане, с красивым аксессуаром платье превращается в вечернее&lt;/p&gt;
                        &lt;/div&gt;
                    &lt;/div&gt;
                &lt;/div&gt;
                &lt;div class=&quot;col-sm-6 col-md-3&quot;&gt;
                    &lt;div class=&quot;thumbnail&quot;&gt;
                        &lt;img data-holder-rendered=&quot;true&quot; src=&quot;/data/uploads/images/jail1.jpg&quot; style=&quot;height: 200px; display: block;&quot; data-src=&quot;holder.js/200%x150&quot; alt=&quot;200%x150&quot;&gt;
                        &lt;div class=&quot;caption&quot;&gt;
                            &lt;p class=&quot;lead&quot;&gt;В клубе или на прогулке в этом платье Вы будите чувствовать себя свободно&lt;/p&gt;
                        &lt;/div&gt;
                    &lt;/div&gt;
                &lt;/div&gt;]]></content><private><![CDATA[]]></private><author><![CDATA[anatvk]]></author></item>
