<?xml version="1.0" encoding="UTF-8"?>
<item><pubDate>Fri, 26 Dec 2014 12:44:05 +0200</pubDate><title>Отзывы</title><url>otzivi</url><meta></meta><metad></metad><menu>Отзывы</menu><menuStatus>Y</menuStatus><template>template.php</template><parent></parent><content>&amp;lt;div class=&amp;quot;row&amp;quot;&amp;gt;
	&amp;lt;div class=&amp;quot;col-sm-12 col-md-12&amp;quot;&amp;gt;
		&amp;lt;div class=&amp;quot;page-header&amp;quot;&amp;gt;
			&amp;lt;h1 class=&amp;quot;lead&amp;quot;&amp;gt;Отзывы покупательниц&amp;lt;br /&amp;gt;
				&amp;lt;small&amp;gt;Тех кого мы сделали красивие&amp;lt;/small&amp;gt;&amp;lt;/h1&amp;gt;
		&amp;lt;/div&amp;gt;
	&amp;lt;/div&amp;gt;
	&amp;lt;div class=&amp;quot;col-sm-6 col-md-6&amp;quot;&amp;gt;
		&amp;lt;div class=&amp;quot;thumbnail media&amp;quot;&amp;gt;&amp;lt;a class=&amp;quot;media-left&amp;quot; href=&amp;quot;#&amp;quot;&amp;gt;&amp;lt;img alt=&amp;quot;&amp;quot; class=&amp;quot;img-rounded&amp;quot; src=&amp;quot;/data/uploads/images/01otz.jpg&amp;quot; /&amp;gt; &amp;lt;/a&amp;gt;
			&amp;lt;div class=&amp;quot;media-body&amp;quot;&amp;gt;
				&amp;lt;h4 class=&amp;quot;media-heading&amp;quot;&amp;gt;Светлана Красина&amp;lt;/h4&amp;gt;
				&amp;lt;p&amp;gt;С этого сайга я делала два заказа, и они оба дошли. Заказывала я 2 офисных платья, длиной ниже колена. Пришедшие покупки были такого же отличного качества, как и на Фото, но самое главным для меня было, что они очень хорошо сидят на мне. Спасибо мастерам.&amp;lt;/p&amp;gt;
			&amp;lt;/div&amp;gt;
		&amp;lt;/div&amp;gt;
	&amp;lt;/div&amp;gt;
	&amp;lt;div class=&amp;quot;col-sm-6 col-md-6&amp;quot;&amp;gt;
		&amp;lt;div class=&amp;quot;thumbnail media&amp;quot;&amp;gt;&amp;lt;a class=&amp;quot;media-left&amp;quot; href=&amp;quot;#&amp;quot;&amp;gt;&amp;lt;img alt=&amp;quot;&amp;quot; class=&amp;quot;img-responsive img-rounded&amp;quot; src=&amp;quot;/data/uploads/images/02otz.jpg&amp;quot; /&amp;gt; &amp;lt;/a&amp;gt;
			&amp;lt;div class=&amp;quot;media-body&amp;quot;&amp;gt;
				&amp;lt;h4 class=&amp;quot;media-heading&amp;quot;&amp;gt;Катя Грачева&amp;lt;/h4&amp;gt;
				&amp;lt;p&amp;gt;Очень хорошее качество вещей плюс дизайн, плюс дорогие ткани. Вещи, приходит как на Фото, цвета совпадают. Одежда такого уровня в магазинах продаётсл дороже, размеры совпадают Качество и дизайн вещей мхе очень нравитсия. Сайт очень порадовал, спасибо!&amp;lt;/p&amp;gt;
			&amp;lt;/div&amp;gt;
		&amp;lt;/div&amp;gt;
	&amp;lt;/div&amp;gt;
&amp;lt;/div&amp;gt;
&amp;lt;div class=&amp;quot;row&amp;quot;&amp;gt;
	&amp;lt;div class=&amp;quot;col-sm-6 col-md-6&amp;quot;&amp;gt;
		&amp;lt;div class=&amp;quot;thumbnail media&amp;quot;&amp;gt;&amp;lt;a class=&amp;quot;media-left&amp;quot; href=&amp;quot;#&amp;quot;&amp;gt;&amp;lt;img alt=&amp;quot;&amp;quot; class=&amp;quot;img-responsive img-rounded&amp;quot; src=&amp;quot;/data/uploads/images/03otz.jpg&amp;quot; /&amp;gt; &amp;lt;/a&amp;gt;
			&amp;lt;div class=&amp;quot;media-body&amp;quot;&amp;gt;
				&amp;lt;h4 class=&amp;quot;media-heading&amp;quot;&amp;gt;Вера Николаева&amp;lt;/h4&amp;gt;
				&amp;lt;p&amp;gt;Этот сайт прекрасная альтернатива долгим и утомительным походам по магазинам, другим сайтам, каторые. являются перекупщиками. А перекупщики не отвечают за качество. На этом же сайте оригинальные, мордые и качественные вещи, быстрая и удобная доставка. А впечатлена сервисом и качеством. Спасибо организаторам и мастерам. Буру заказывать ещё.&amp;lt;br /&amp;gt;
					&amp;lt;br /&amp;gt;
					&amp;amp;nbsp;&amp;lt;/p&amp;gt;
			&amp;lt;/div&amp;gt;
		&amp;lt;/div&amp;gt;
	&amp;lt;/div&amp;gt;
	&amp;lt;div class=&amp;quot;col-sm-6 col-md-6&amp;quot;&amp;gt;
		&amp;lt;div class=&amp;quot;thumbnail media&amp;quot;&amp;gt;&amp;lt;a class=&amp;quot;media-left&amp;quot; href=&amp;quot;#&amp;quot;&amp;gt;&amp;lt;img alt=&amp;quot;&amp;quot; class=&amp;quot;img-responsive img-rounded&amp;quot; src=&amp;quot;/data/uploads/images/04otz.jpg&amp;quot; /&amp;gt; &amp;lt;/a&amp;gt;
			&amp;lt;div class=&amp;quot;media-body&amp;quot;&amp;gt;
				&amp;lt;h4 class=&amp;quot;media-heading&amp;quot;&amp;gt;Ирина Николаева&amp;lt;/h4&amp;gt;
				&amp;lt;p&amp;gt;Хотела бы обратить внимание, что на сайте представлена удобная таблица размеров, в разных вариациях, благодаря которой легко понять свой размер, надо лишь измерить себя. И вщи там, как показал мой опыт, не маломерки, а как раз такого размера, какой заявлен на сайт. Даж с моим высоким ростом не слоажно подобрать платье хорошей длины, которое бы село идеальна груди и талия была на талии, что даже в дорогих магазинах стаиовигс я проблем.&amp;lt;/p&amp;gt;
			&amp;lt;/div&amp;gt;
		&amp;lt;/div&amp;gt;
	&amp;lt;/div&amp;gt;
&amp;lt;/div&amp;gt;
</content><private></private><author>anatvk</author><menuOrder><![CDATA[2]]></menuOrder></item>
