<?xml version="1.0" encoding="UTF-8"?>
<item><pubDate>Thu, 25 Dec 2014 23:51:51 +0200</pubDate><title><![CDATA[Преобразование размера]]></title><url><![CDATA[preobrazovanie-razmera]]></url><meta><![CDATA[]]></meta><metad><![CDATA[]]></metad><menu><![CDATA[Преобразование размера]]></menu><menuOrder><![CDATA[0]]></menuOrder><menuStatus><![CDATA[]]></menuStatus><template><![CDATA[template.php]]></template><parent><![CDATA[]]></parent><content><![CDATA[&lt;table class=&quot;table table-hover table-striped table-responsive&quot;&gt;
	&lt;thead&gt;
		&lt;tr&gt;
			&lt;th&gt;Международная&amp;nbsp;система&lt;/th&gt;
			&lt;th class=&quot;info&quot;&gt;XXXS&lt;/th&gt;
			&lt;th class=&quot;info&quot;&gt;XXS&lt;/th&gt;
			&lt;th class=&quot;info&quot;&gt;XS&lt;/th&gt;
			&lt;th class=&quot;info&quot;&gt;S&lt;/th&gt;
			&lt;th class=&quot;info&quot;&gt;M&lt;/th&gt;
			&lt;th class=&quot;info&quot;&gt;L&lt;/th&gt;
			&lt;th class=&quot;info&quot;&gt;XL&lt;/th&gt;
			&lt;th class=&quot;info&quot;&gt;XXL&lt;/th&gt;
			&lt;th class=&quot;info&quot;&gt;XXXL&lt;/th&gt;
		&lt;/tr&gt;
	&lt;/thead&gt;
	&lt;tbody&gt;
		&lt;tr&gt;
			&lt;th&gt;США&lt;/th&gt;
			&lt;td&gt;0&lt;/td&gt;
			&lt;td&gt;2&lt;/td&gt;
			&lt;td&gt;4&lt;/td&gt;
			&lt;td&gt;6&lt;/td&gt;
			&lt;td&gt;8&lt;/td&gt;
			&lt;td&gt;10&lt;/td&gt;
			&lt;td&gt;12&lt;/td&gt;
			&lt;td&gt;14&lt;/td&gt;
			&lt;td&gt;16&lt;/td&gt;
		&lt;/tr&gt;
		&lt;tr&gt;
			&lt;th&gt;Великобритания&lt;/th&gt;
			&lt;td&gt;4&lt;/td&gt;
			&lt;td&gt;6&lt;/td&gt;
			&lt;td&gt;8&lt;/td&gt;
			&lt;td&gt;10&lt;/td&gt;
			&lt;td&gt;12&lt;/td&gt;
			&lt;td&gt;14&lt;/td&gt;
			&lt;td&gt;16&lt;/td&gt;
			&lt;td&gt;18&lt;/td&gt;
			&lt;td&gt;20&lt;/td&gt;
		&lt;/tr&gt;
		&lt;tr&gt;
			&lt;th&gt;Италия&lt;/th&gt;
			&lt;td&gt;36&lt;/td&gt;
			&lt;td&gt;38&lt;/td&gt;
			&lt;td&gt;40&lt;/td&gt;
			&lt;td&gt;42&lt;/td&gt;
			&lt;td&gt;44&lt;/td&gt;
			&lt;td&gt;46&lt;/td&gt;
			&lt;td&gt;48&lt;/td&gt;
			&lt;td&gt;50&lt;/td&gt;
			&lt;td&gt;52&lt;/td&gt;
		&lt;/tr&gt;
		&lt;tr&gt;
			&lt;th&gt;Франция&lt;/th&gt;
			&lt;td&gt;32&lt;/td&gt;
			&lt;td&gt;34&lt;/td&gt;
			&lt;td&gt;36&lt;/td&gt;
			&lt;td&gt;38&lt;/td&gt;
			&lt;td&gt;40&lt;/td&gt;
			&lt;td&gt;42&lt;/td&gt;
			&lt;td&gt;44&lt;/td&gt;
			&lt;td&gt;46&lt;/td&gt;
			&lt;td&gt;48&lt;/td&gt;
		&lt;/tr&gt;
		&lt;tr&gt;
			&lt;th&gt;Дания&lt;/th&gt;
			&lt;td&gt;30&lt;/td&gt;
			&lt;td&gt;32&lt;/td&gt;
			&lt;td&gt;34&lt;/td&gt;
			&lt;td&gt;36&lt;/td&gt;
			&lt;td&gt;38&lt;/td&gt;
			&lt;td&gt;40&lt;/td&gt;
			&lt;td&gt;42&lt;/td&gt;
			&lt;td&gt;44&lt;/td&gt;
			&lt;td&gt;46&lt;/td&gt;
		&lt;/tr&gt;
		&lt;tr&gt;
			&lt;th&gt;Россия&lt;/th&gt;
			&lt;td&gt;38&lt;/td&gt;
			&lt;td&gt;40&lt;/td&gt;
			&lt;td&gt;42&lt;/td&gt;
			&lt;td&gt;44&lt;/td&gt;
			&lt;td&gt;46&lt;/td&gt;
			&lt;td&gt;48&lt;/td&gt;
			&lt;td&gt;50&lt;/td&gt;
			&lt;td&gt;2&lt;/td&gt;
			&lt;td&gt;54&lt;/td&gt;
		&lt;/tr&gt;
		&lt;tr&gt;
			&lt;th&gt;Германия&lt;/th&gt;
			&lt;td&gt;30&lt;/td&gt;
			&lt;td&gt;32&lt;/td&gt;
			&lt;td&gt;34&lt;/td&gt;
			&lt;td&gt;36&lt;/td&gt;
			&lt;td&gt;38&lt;/td&gt;
			&lt;td&gt;40&lt;/td&gt;
			&lt;td&gt;42&lt;/td&gt;
			&lt;td&gt;44&lt;/td&gt;
			&lt;td&gt;46&lt;/td&gt;
		&lt;/tr&gt;
		&lt;tr&gt;
			&lt;th&gt;Австралия&lt;/th&gt;
			&lt;td&gt;4&lt;/td&gt;
			&lt;td&gt;6&lt;/td&gt;
			&lt;td&gt;8&lt;/td&gt;
			&lt;td&gt;10&lt;/td&gt;
			&lt;td&gt;12&lt;/td&gt;
			&lt;td&gt;14&lt;/td&gt;
			&lt;td&gt;16&lt;/td&gt;
			&lt;td&gt;18&lt;/td&gt;
			&lt;td&gt;20&lt;/td&gt;
		&lt;/tr&gt;
		&lt;tr&gt;
			&lt;th&gt;Китай&lt;/th&gt;
			&lt;td&gt;150/73A&lt;/td&gt;
			&lt;td&gt;155/76A&lt;/td&gt;
			&lt;td&gt;160/80A&lt;/td&gt;
			&lt;td&gt;165/84A&lt;/td&gt;
			&lt;td&gt;170/88A&lt;/td&gt;
			&lt;td&gt;175/96A&lt;/td&gt;
			&lt;td&gt;175/100A&lt;/td&gt;
			&lt;td&gt;180/104A&lt;/td&gt;
			&lt;td&gt;180/108A&lt;/td&gt;
		&lt;/tr&gt;
		&lt;tr&gt;
			&lt;th&gt;Япония&lt;/th&gt;
			&lt;td&gt;3&lt;/td&gt;
			&lt;td&gt;5&lt;/td&gt;
			&lt;td&gt;7&lt;/td&gt;
			&lt;td&gt;9&lt;/td&gt;
			&lt;td&gt;11&lt;/td&gt;
			&lt;td&gt;13&lt;/td&gt;
			&lt;td&gt;15&lt;/td&gt;
			&lt;td&gt;17&lt;/td&gt;
			&lt;td&gt;19&lt;/td&gt;
		&lt;/tr&gt;
		&lt;tr&gt;
			&lt;th&gt;Бразилия/стандарт&lt;/th&gt;
			&lt;td&gt;30/XXPP&lt;/td&gt;
			&lt;td&gt;32/XPP&lt;/td&gt;
			&lt;td&gt;34/PP&lt;/td&gt;
			&lt;td&gt;36/P&lt;/td&gt;
			&lt;td&gt;38/M&lt;/td&gt;
			&lt;td&gt;40/G&lt;/td&gt;
			&lt;td&gt;42/GG&lt;/td&gt;
			&lt;td&gt;44/EG&lt;/td&gt;
			&lt;td&gt;46/EGG&lt;/td&gt;
		&lt;/tr&gt;
	&lt;/tbody&gt;
&lt;/table&gt;
&lt;div class=&quot;panel-heading table-responsive&quot;&gt;
	&lt;p class=&quot;bg-danger&quot;&gt;ВНИМАНИЕ! Представленные таблицы не являются стандартными и могут отличаться от размерных сеток отдельных производителей. Для уточнения информации по размерам обращайтесь в нашу службу поддержки по электронной почте.&lt;/p&gt;
&lt;/div&gt;
&lt;p&gt;&amp;nbsp;&lt;/p&gt;
]]></content><private><![CDATA[]]></private><author><![CDATA[moda]]></author></item>
