<?xml version="1.0" encoding="UTF-8"?>
<item><pubDate>Fri, 26 Dec 2014 12:28:37 +0200</pubDate><title><![CDATA[Соответствие размеров женской одежды и параметров тела, см ]]></title><url><![CDATA[sootvetsvie-razmerov]]></url><meta><![CDATA[]]></meta><metad><![CDATA[]]></metad><menu><![CDATA[Соответствие размеров женской одежды и параметров тела, см ]]></menu><menuOrder><![CDATA[0]]></menuOrder><menuStatus><![CDATA[]]></menuStatus><template><![CDATA[template.php]]></template><parent><![CDATA[]]></parent><content><![CDATA[&lt;table class=&quot;table table-responsive&quot;&gt;
	&lt;thead&gt;
		&lt;tr&gt;
			&lt;th&gt;Международная&amp;nbsp;система&lt;/th&gt;
			&lt;th class=&quot;info&quot;&gt;XXXS&lt;/th&gt;
			&lt;th class=&quot;info&quot;&gt;XXS&lt;/th&gt;
			&lt;th class=&quot;info&quot;&gt;XS&lt;/th&gt;
			&lt;th class=&quot;info&quot;&gt;S&lt;/th&gt;
			&lt;th class=&quot;info&quot;&gt;M&lt;/th&gt;
			&lt;th class=&quot;info&quot;&gt;L&lt;/th&gt;
			&lt;th class=&quot;info&quot;&gt;XL&lt;/th&gt;
			&lt;th class=&quot;info&quot;&gt;XXL&lt;/th&gt;
			&lt;th class=&quot;info&quot;&gt;XXXL&lt;/th&gt;
		&lt;/tr&gt;
	&lt;/thead&gt;
	&lt;tbody&gt;
		&lt;tr&gt;
			&lt;th&gt;Обхват груди, см&lt;/th&gt;
			&lt;td&gt;76&lt;/td&gt;
			&lt;td&gt;80&lt;/td&gt;
			&lt;td&gt;84&lt;/td&gt;
			&lt;td&gt;88&lt;/td&gt;
			&lt;td&gt;92&lt;/td&gt;
			&lt;td&gt;96&lt;/td&gt;
			&lt;td&gt;100&lt;/td&gt;
			&lt;td&gt;104&lt;/td&gt;
			&lt;td&gt;108&lt;/td&gt;
		&lt;/tr&gt;
		&lt;tr&gt;
			&lt;th&gt;Обхват талии, см&lt;/th&gt;
			&lt;td&gt;58&lt;/td&gt;
			&lt;td&gt;62&lt;/td&gt;
			&lt;td&gt;66&lt;/td&gt;
			&lt;td&gt;70&lt;/td&gt;
			&lt;td&gt;74&lt;/td&gt;
			&lt;td&gt;78&lt;/td&gt;
			&lt;td&gt;82&lt;/td&gt;
			&lt;td&gt;86&lt;/td&gt;
			&lt;td&gt;90&lt;/td&gt;
		&lt;/tr&gt;
		&lt;tr&gt;
			&lt;th&gt;Обхват бедер, см&lt;/th&gt;
			&lt;td&gt;84&lt;/td&gt;
			&lt;td&gt;88&lt;/td&gt;
			&lt;td&gt;92&lt;/td&gt;
			&lt;td&gt;96&lt;/td&gt;
			&lt;td&gt;100&lt;/td&gt;
			&lt;td&gt;104&lt;/td&gt;
			&lt;td&gt;108&lt;/td&gt;
			&lt;td&gt;112&lt;/td&gt;
			&lt;td&gt;116&lt;/td&gt;
		&lt;/tr&gt;
	&lt;/tbody&gt;
&lt;/table&gt;
&lt;div class=&quot;panel-heading table-responsive&quot;&gt;
	&lt;p class=&quot;bg-danger&quot;&gt;ВНИМАНИЕ! Представленные таблицы не являются стандартными и могут отличаться от размерных сеток отдельных производителей. Для уточнения информации по размерам обращайтесь в нашу службу поддержки по электронной почте.&lt;/p&gt;
&lt;/div&gt;
]]></content><private><![CDATA[]]></private><author><![CDATA[anatvk]]></author></item>
