<?xml version="1.0"?>
<channel><item><pubDate><![CDATA[Fri, 26 Dec 2014 12:28:37 +0200]]></pubDate><title><![CDATA[Соответствие размеров женской одежды и параметров тела, см ]]></title><url><![CDATA[sootvetsvie-razmerov]]></url><meta><![CDATA[]]></meta><metad><![CDATA[]]></metad><menu><![CDATA[Соответствие размеров женской одежды и параметров тела, см ]]></menu><menuOrder><![CDATA[0]]></menuOrder><menuStatus><![CDATA[]]></menuStatus><template><![CDATA[template.php]]></template><parent><![CDATA[]]></parent><private><![CDATA[]]></private><author><![CDATA[anatvk]]></author><slug><![CDATA[sootvetsvie-razmerov]]></slug><filename><![CDATA[sootvetsvie-razmerov.xml]]></filename></item><item><pubDate><![CDATA[Fri, 26 Dec 2014 12:42:53 +0200]]></pubDate><title><![CDATA[Детали]]></title><url><![CDATA[details]]></url><meta><![CDATA[]]></meta><metad><![CDATA[]]></metad><menu><![CDATA[Детали]]></menu><menuStatus><![CDATA[Y]]></menuStatus><template><![CDATA[template.php]]></template><parent><![CDATA[]]></parent><private><![CDATA[]]></private><author><![CDATA[anatvk]]></author><menuOrder><![CDATA[3]]></menuOrder><slug><![CDATA[details]]></slug><filename><![CDATA[details.xml]]></filename></item><item><pubDate><![CDATA[Mon, 22 Dec 2014 16:35:52 +0200]]></pubDate><title><![CDATA[Гарантия]]></title><url><![CDATA[gurantija]]></url><meta><![CDATA[]]></meta><metad><![CDATA[]]></metad><menu><![CDATA[Гарантия]]></menu><menuStatus><![CDATA[Y]]></menuStatus><template><![CDATA[template.php]]></template><parent><![CDATA[]]></parent><private><![CDATA[]]></private><author><![CDATA[moda]]></author><menuOrder><![CDATA[4]]></menuOrder><slug><![CDATA[gurantija]]></slug><filename><![CDATA[gurantija.xml]]></filename></item><item><pubDate><![CDATA[Fri, 26 Dec 2014 12:44:05 +0200]]></pubDate><title><![CDATA[Отзывы]]></title><url><![CDATA[otzivi]]></url><meta><![CDATA[]]></meta><metad><![CDATA[]]></metad><menu><![CDATA[Отзывы]]></menu><menuStatus><![CDATA[Y]]></menuStatus><template><![CDATA[template.php]]></template><parent><![CDATA[]]></parent><private><![CDATA[]]></private><author><![CDATA[anatvk]]></author><menuOrder><![CDATA[2]]></menuOrder><slug><![CDATA[otzivi]]></slug><filename><![CDATA[otzivi.xml]]></filename></item><item><pubDate><![CDATA[Mon, 22 Dec 2014 15:29:27 +0200]]></pubDate><title><![CDATA[Главная]]></title><url><![CDATA[home]]></url><meta><![CDATA[]]></meta><metad><![CDATA[]]></metad><menu><![CDATA[Главная]]></menu><menuStatus><![CDATA[Y]]></menuStatus><template><![CDATA[template.php]]></template><parent><![CDATA[]]></parent><private><![CDATA[]]></private><author><![CDATA[moda]]></author><menuOrder><![CDATA[1]]></menuOrder><slug><![CDATA[home]]></slug><filename><![CDATA[home.xml]]></filename></item><item><pubDate><![CDATA[Fri, 26 Dec 2014 12:48:02 +0200]]></pubDate><title><![CDATA[Контакты]]></title><url><![CDATA[contact]]></url><meta><![CDATA[]]></meta><metad><![CDATA[]]></metad><menu><![CDATA[Контакты]]></menu><menuOrder><![CDATA[5]]></menuOrder><menuStatus><![CDATA[Y]]></menuStatus><template><![CDATA[template.php]]></template><parent><![CDATA[]]></parent><private><![CDATA[]]></private><author><![CDATA[anatvk]]></author><slug><![CDATA[contact]]></slug><filename><![CDATA[contact.xml]]></filename></item><item><pubDate><![CDATA[Fri, 26 Dec 2014 12:40:27 +0200]]></pubDate><title><![CDATA[jail]]></title><url><![CDATA[jail]]></url><meta><![CDATA[]]></meta><metad><![CDATA[]]></metad><menu><![CDATA[jail]]></menu><menuOrder><![CDATA[0]]></menuOrder><menuStatus><![CDATA[]]></menuStatus><template><![CDATA[template.php]]></template><parent><![CDATA[]]></parent><private><![CDATA[]]></private><author><![CDATA[anatvk]]></author><slug><![CDATA[jail]]></slug><filename><![CDATA[jail.xml]]></filename></item><item><pubDate><![CDATA[Thu, 25 Dec 2014 23:51:51 +0200]]></pubDate><title><![CDATA[Преобразование размера]]></title><url><![CDATA[preobrazovanie-razmera]]></url><meta><![CDATA[]]></meta><metad><![CDATA[]]></metad><menu><![CDATA[Преобразование размера]]></menu><menuOrder><![CDATA[0]]></menuOrder><menuStatus><![CDATA[]]></menuStatus><template><![CDATA[template.php]]></template><parent><![CDATA[]]></parent><private><![CDATA[]]></private><author><![CDATA[moda]]></author><slug><![CDATA[preobrazovanie-razmera]]></slug><filename><![CDATA[preobrazovanie-razmera.xml]]></filename></item></channel>
